{
	"defaultSeverity": "error",
	"extends": [
		"tslint:recommended",
		"tslint-config-prettier",
		"tslint-plugin-prettier"
	],
	"jsRules": {},
	"rules": {
		"member-access": false,
		"file-name-casing": false,
		"ordered-imports": false,
		"no-bitwise": false,
		"prefer-for-of": false,
		"no-shadowed-variable": false,
		"no-var-requires": false,
		"no-namespace": false,
		"prettier": true,
		"semicolon": [
			true,
			"always",
			"ignore-interfaces",
			"ignore-bound-class-methods"
		],
		"max-line-length": [true, 180],
		"variable-name": [
			false,
			"ban-keywords",
			"check-format",
			"allow-leading-underscore",
			"allow-snake-case"
		],
		"one-variable-per-declaration": false,
		"no-unused-expression": [true, "allow-fast-null-checks"],
		"class-name": false,
		"interface-name": false,
		"no-empty": [true, "allow-empty-catch"],
		"arrow-parens": [true, "ban-single-arg-parens"],
		"object-literal-sort-keys": false,
		"member-ordering": false
	},
	"rulesDirectory": []
}
